run_id,algorithm,operation,timing_iterations,mean_seconds,median_seconds,minimum_seconds,maximum_seconds,standard_deviation_seconds,cpu_iterations,cpu_wall_time_seconds,total_cpu_time_seconds,cpu_time_per_operation,cpu_utilisation_percent,memory_iterations,memory_before_mb,memory_after_mb,peak_memory_mb,peak_memory_increase_kb
1,RSA-2048,Key Generation,1000,0.0322964356,0.0282492,0.0060921,0.139863,0.019145543156531004,100,3.272902199998498,3.234375,0.03234375,98.82284291909133,100,38.703125,38.7421875,38.74609375,44.0
1,RSA-2048,Encryption,1000,1.98313e-05,1.97e-05,1.93e-05,6.1e-05,1.666429505648918e-06,150021,3.0000140000047395,2.984375,1.9893048306570414e-05,99.47870243256483,49111,38.72265625,38.73828125,38.7421875,20.0
1,RSA-2048,Decryption,1000,0.0004440308,0.0004308,0.0004279,0.0011092,5.438506289806445e-05,6751,3.000408100000641,2.984375,0.0004420641386461265,99.46563602462487,2225,38.72265625,38.72265625,38.7421875,20.0
1,RSA-2048,Signing,1000,0.0004436106,0.0004316,0.0004275,0.0007676,4.92710979046411e-05,6695,3.000074700001278,2.953125,0.0004410941000746826,98.43504896723879,2241,38.72265625,38.73828125,38.7421875,20.0
1,RSA-2048,Verification,1000,2.0842099999999998e-05,2.07e-05,2.04e-05,5.55e-05,1.2377356662791857e-06,142060,3.000013899996702,2.984375,2.100784879628326e-05,99.47870574877273,45496,38.72265625,38.73828125,38.7421875,20.0
1,ECC P-256,ECC Key Generation,1000,1.51474e-05,1.47e-05,1.41e-05,0.0001051,4.420947638009075e-06,194593,3.0000079999954323,3.0,1.5416792998720406e-05,99.99973333419669,66248,39.83203125,39.84765625,39.8515625,20.0
1,ECC P-256,ECDH Shared Secret,1000,4.03571e-05,4.04e-05,3.85e-05,0.0001021,2.2710982976255074e-06,75503,3.000010600000678,3.0,3.973352052236335e-05,99.9996466678925,23052,39.83203125,39.84765625,39.8515625,20.0
1,ECC P-256,ECDSA Signing,1000,2.0906e-05,2.08e-05,2e-05,5.88e-05,1.3284158568342552e-06,148617,3.0000101999976323,2.984375,2.0080979968644234e-05,99.47882843872848,43028,39.83203125,39.84765625,39.8515625,20.0
1,ECC P-256,ECDSA Verification,1000,5.44673e-05,5.24e-05,5.17e-05,0.0002287,1.1968569144110643e-05,56103,3.000016300000425,2.96875,5.291606509455822e-05,98.95779566262955,17330,39.83203125,39.84765625,39.8515625,20.0
1,ML-KEM-512,Key Generation,1000,0.0001163804,0.0001076,9.32e-05,0.0006398,4.7995431212327466e-05,28422,3.000036100005673,2.859375,0.00010060428541270847,95.31135308653764,9457,39.67578125,39.69140625,39.6953125,20.0
1,ML-KEM-512,Encapsulation,1000,0.000133215,0.0001244,0.0001154,0.000395,2.3759150073439333e-05,22200,3.000026900001103,2.796875,0.00012598536036036035,93.22833071926694,7535,40.0390625,40.05859375,40.0625,24.0
1,ML-KEM-512,Decapsulation,1000,0.0001770841,0.0001648,0.0001408,0.0007637,5.9883505503781435e-05,19406,3.0000725999998394,2.890625,0.0001489552200350407,96.35183495226597,6446,40.0546875,40.0546875,40.07421875,20.0
1,ML-KEM-768,Key Generation,1000,0.0001570245,0.0001524,0.0001436,0.0008414,2.5773922573695196e-05,18672,3.0000308999951812,2.9375,0.00015732112253641817,97.91565813554514,6326,40.17578125,40.19140625,40.1953125,20.0
1,ML-KEM-768,Encapsulation,1000,0.0001769305,0.0001748,0.0001684,0.0004325,1.514052823864958e-05,16147,3.0001965000046766,2.984375,0.0001848253545550257,99.47265120785748,5078,40.19140625,40.20703125,40.2109375,20.0
1,ML-KEM-768,Decapsulation,1000,0.000245008,0.0002294,0.0002085,0.0007975,6.573318650276896e-05,13661,3.00008930000331,2.96875,0.00021731571627260084,98.9553877611818,4188,40.26953125,40.27734375,40.2890625,20.0
1,ML-KEM-1024,Key Generation,1000,0.000230036,0.0002209,0.0002095,0.0007558,3.0504711790827357e-05,13514,3.0000959999961196,2.96875,0.00021967959153470476,98.95516676812474,4465,40.32421875,40.33984375,40.34375,20.0
1,ML-KEM-1024,Encapsulation,1000,0.0002491436,0.0002459,0.0002368,0.0005021,1.467594161552513e-05,11825,3.0001036999965436,2.984375,0.0002523784355179704,99.47572812244584,3941,40.359375,40.359375,40.37890625,20.0
1,ML-KEM-1024,Decapsulation,1000,0.0002943893,0.0002908,0.0002771,0.0004883,1.672959099095745e-05,10119,3.000298200000543,2.921875,0.0002887513588299239,97.38615314969262,3368,40.50390625,40.51953125,40.5234375,20.0
1,ML-DSA-44,Key Generation,1000,0.0002474066,0.0002423,0.000227,0.0006852,2.701407515901103e-05,12109,3.000155599998834,2.984375,0.00024645924518952844,99.47400728152765,4023,40.67578125,40.68359375,40.6953125,20.0
1,ML-DSA-44,Signing,1000,0.0011895905,0.0009285999999999999,0.0004712,0.009729,0.0008492730596042238,2489,3.000532400001248,2.96875,0.0011927480916030535,98.94077464381871,829,40.74609375,40.76171875,40.765625,20.0
1,ML-DSA-44,Verification,1000,0.000313974,0.000309,0.000296,0.0005336,1.953782102616488e-05,9374,3.000298800005112,2.921875,0.0003116999146575635,97.38613367425344,3166,40.7421875,40.7578125,40.76171875,20.0
1,ML-DSA-65,Key Generation,1000,0.0004534233,0.00045365,0.0004074,0.0013023,4.5003324836686855e-05,6969,3.000010600000678,2.96875,0.00042599368632515426,98.95798368176862,2338,40.890625,40.90625,40.91015625,20.0
1,ML-DSA-65,Signing,1000,0.0017412773,0.001373,0.0006763,0.0101464,0.0011843485184217515,1693,3.007707999997365,2.953125,0.001744314825753101,98.18522941730339,569,40.8984375,40.9140625,40.91796875,20.0
1,ML-DSA-65,Verification,1000,0.0004678869,0.0004638,0.0004447,0.000821,2.3217090508538782e-05,6323,3.0002848000003723,2.984375,0.0004719871896251779,99.46972367422018,2128,40.93359375,40.953125,40.95703125,24.0
1,ML-DSA-87,Key Generation,1000,0.0006699924,0.0006634,0.0006365,0.0009456,2.882692827954505e-05,4260,3.0000795000014477,2.9375,0.0006895539906103287,97.91407194371291,1187,41.14453125,41.15234375,41.1640625,20.0
1,ML-DSA-87,Signing,1000,0.0025245075,0.00204715,0.0010555,0.01281,0.0014684559642538493,1311,3.00023539999529,2.96875,0.0022644927536231885,98.95056901217353,431,41.18359375,41.19921875,41.203125,20.0
1,ML-DSA-87,Verification,1000,0.0007601413,0.0007481,0.0007192,0.0011429,4.2428617841286346e-05,3813,3.000645899999654,2.984375,0.000782684238132704,99.45775341236846,1270,41.27734375,41.29296875,41.296875,20.0
2,RSA-2048,Key Generation,1000,0.0346144764,0.029394299999999998,0.0061873,0.1487579,0.02101592127504721,100,3.241220500000054,3.21875,0.0321875,99.30672720353171,100,38.0234375,38.046875,38.0703125,48.0
2,RSA-2048,Encryption,1000,2.09461e-05,2.06e-05,1.95e-05,9.92e-05,3.225223535951711e-06,146196,3.0000135000009323,2.953125,2.0199766067471066e-05,98.43705703321277,48227,38.046875,38.0625,38.06640625,20.0
2,RSA-2048,Decryption,1000,0.0004521828,0.00043844999999999995,0.0004279,0.0007855,5.1341478080899964e-05,6625,3.0000510000027134,2.984375,0.0004504716981132076,99.47747554949235,2215,38.046875,38.046875,38.06640625,20.0
2,RSA-2048,Signing,1000,0.0004508538,0.0004384,0.0004276,0.0008049,5.1058272324205535e-05,6635,3.000114099995699,3.0,0.000452147701582517,99.99619681145798,2204,38.046875,38.046875,38.06640625,20.0
2,RSA-2048,Verification,1000,2.14653e-05,2.11e-05,2.04e-05,4.92e-05,1.595233738572715e-06,139241,3.0000018999999156,3.0,2.1545378157295623e-05,99.99993666670959,45520,38.046875,38.046875,38.06640625,20.0
2,ECC P-256,ECC Key Generation,1000,1.51088e-05,1.49e-05,1.45e-05,7.75e-05,2.3292891937559294e-06,196950,3.000005100002454,2.984375,1.5152957603452653e-05,99.47899755228946,64914,39.22265625,39.23828125,39.2421875,20.0
2,ECC P-256,ECDH Shared Secret,1000,4.0287e-05,3.97e-05,3.83e-05,7.02e-05,2.2675786453644584e-06,73139,3.00003149999975,2.984375,4.0804153734669605e-05,99.47812214639242,24592,39.22265625,39.23828125,39.2421875,20.0
2,ECC P-256,ECDSA Signing,1000,2.06256e-05,2.02e-05,1.96e-05,7.69e-05,2.6903275827494507e-06,146028,3.0000127000021166,2.984375,2.043700523187334e-05,99.47874553990704,47556,39.22265625,39.23828125,39.2421875,20.0
2,ECC P-256,ECDSA Verification,1000,5.41558e-05,5.32e-05,5.16e-05,0.0001342,4.232554888112011e-06,56241,3.000021400002879,2.96875,5.2786223573549545e-05,98.957627435496,18419,39.22265625,39.23828125,39.2421875,20.0
2,ML-KEM-512,Key Generation,1000,9.42997e-05,9.35e-05,8.88e-05,0.0001993,5.073994021017893e-06,30472,3.0000720000025467,3.0,9.845103701758992e-05,99.99760005751374,10106,39.0,39.015625,39.01953125,20.0
2,ML-KEM-512,Encapsulation,1000,0.0001291984,0.0001308,0.0001143,0.0002413,1.0588287362424071e-05,23815,3.0000270000018645,2.96875,0.00012465882846945202,98.95744271628737,8040,39.37890625,39.39453125,39.3984375,20.0
2,ML-KEM-512,Decapsulation,1000,0.000161006,0.00016025,0.0001414,0.0003271,1.4082683905633399e-05,19118,3.000131799999508,3.0,0.00015692017993513966,99.99560685968835,6500,39.38671875,39.40234375,39.40625,20.0
2,ML-KEM-768,Key Generation,1000,0.000154148,0.0001515,0.0001441,0.0002079,7.972870415519286e-06,18607,3.00002780000068,3.0,0.00016122964475734938,99.9990733418977,5954,39.46484375,39.48046875,39.484375,20.0
2,ML-KEM-768,Encapsulation,1000,0.0001879976,0.0001845,0.0001687,0.0002919,1.3713669055324288e-05,14566,3.0001530999943498,2.984375,0.00020488637923932445,99.47409017245221,4571,39.5,39.515625,39.51953125,20.0
2,ML-KEM-768,Decapsulation,1000,0.0003961744,0.0003174,0.0002324,0.001219,0.00014457742221956946,9617,3.0002770999999484,2.90625,0.0003021992305292711,96.86605280559085,2918,39.6953125,39.6953125,39.71484375,20.0
2,ML-KEM-1024,Key Generation,1000,0.0002307305,0.0002197,0.0002075,0.0004754,2.3858168243642302e-05,11548,3.00002890000178,2.8125,0.00024354866643574644,93.74909688364438,3036,39.74609375,39.765625,39.76953125,24.0
2,ML-KEM-1024,Encapsulation,1000,0.0002905824,0.00028879999999999997,0.000239,0.0009258,4.5126240790119534e-05,10839,3.000212400002056,2.9375,0.00027101208598579205,97.90973465738583,3814,39.8125,39.8125,39.83203125,20.0
2,ML-KEM-1024,Decapsulation,1000,0.000321838,0.0003303,0.0002783,0.0005608,2.9094224339031448e-05,9510,3.0001579000017955,2.953125,0.0003105283911671924,98.43231917887498,3332,39.9140625,39.9296875,39.93359375,20.0
2,ML-DSA-44,Key Generation,1000,0.0002710614,0.00026904999999999995,0.0002302,0.0007618,4.2906303743633536e-05,12011,3.0003713999976753,2.96875,0.0002471692615102822,98.94608380823455,4011,39.99609375,40.015625,40.01953125,24.0
2,ML-DSA-44,Signing,1000,0.0012365854,0.0009777,0.000472,0.0103227,0.0008581023782733844,2487,3.0014157999976305,2.90625,0.0011685765983112184,96.82930302433586,810,40.06640625,40.07421875,40.0859375,20.0
2,ML-DSA-44,Verification,1000,0.0003210084,0.00030915,0.0002936,0.0005382,2.7822649573131407e-05,9145,3.0001130000018748,3.0,0.0003280481137233461,99.99623347514328,3162,40.06640625,40.08203125,40.0859375,20.0
2,ML-DSA-65,Key Generation,1000,0.0004431694,0.00042544999999999996,0.0004046,0.0008674,4.21185243537061e-05,6891,3.000269500000286,2.96875,0.000430815556523001,98.94944437490423,2289,40.2265625,40.2421875,40.24609375,20.0
2,ML-DSA-65,Signing,1000,0.0018066612,0.0014272500000000001,0.0006759,0.0095618,0.0012318839981505804,1666,3.000320400002238,2.984375,0.0017913415366146458,99.46854342615455,566,40.2578125,40.2578125,40.27734375,20.0
2,ML-DSA-65,Verification,1000,0.0005005104,0.00050645,0.0004435,0.0009892,4.514084256532556e-05,6282,3.0000485999989905,2.96875,0.00047258038841133397,98.95673023433683,2091,40.29296875,40.30859375,40.3125,20.0
2,ML-DSA-87,Key Generation,1000,0.0007201361,0.0006918,0.0006362,0.0016453,9.115549446391567e-05,4380,3.0005755000020145,3.0,0.0006849315068493151,99.98082034589652,1471,40.515625,40.53125,40.53515625,20.0
2,ML-DSA-87,Signing,1000,0.0021885304,0.0018449999999999999,0.0010521,0.0105841,0.001258815235844337,1355,3.001093699997,2.984375,0.002202490774907749,99.44291309541529,454,40.55078125,40.56640625,40.5703125,20.0
2,ML-DSA-87,Verification,1000,0.0007916012,0.0007788999999999999,0.0007224,0.001131,5.691683146718784e-05,3856,3.000814499995613,2.953125,0.0007658519190871369,98.410781472974,1240,40.64453125,40.66015625,40.6640625,20.0
3,RSA-2048,Key Generation,1000,0.034244347,0.02907705,0.0061721,0.1320797,0.02054627515895225,100,3.6499469999980647,3.625,0.03625,99.3165106233576,100,38.66796875,38.7109375,38.71484375,48.0
3,RSA-2048,Encryption,1000,2.06052e-05,2.04e-05,1.92e-05,6.29e-05,2.393847000846851e-06,150407,3.0000075999996625,2.984375,1.9841995385853052e-05,99.47891465342741,49160,38.69140625,38.69140625,38.7109375,20.0
3,RSA-2048,Decryption,1000,0.0004488974,0.00043214999999999996,0.0004277,0.0007658,5.192338481966609e-05,6746,3.0000889000002644,3.0,0.0004447079750963534,99.9970367544687,2244,38.69140625,38.70703125,38.7109375,20.0
3,RSA-2048,Signing,1000,0.0004506301,0.0004407,0.0004277,0.0008316,5.087108974419323e-05,6749,3.000129400003061,2.953125,0.0004375648244184324,98.43325424553309,2244,38.69140625,38.70703125,38.7109375,20.0
3,RSA-2048,Verification,1000,2.13944e-05,2.11e-05,2.02e-05,6.18e-05,1.8825548206234666e-06,143059,3.000010999996448,2.984375,2.0861148197596795e-05,99.47880191117744,47003,38.69140625,38.70703125,38.7109375,20.0
3,ECC P-256,ECC Key Generation,1000,1.51843e-05,1.47e-05,1.43e-05,7.36e-05,3.27951806653794e-06,202349,3.0000004999965313,2.9375,1.451699786013274e-05,97.91665034733815,65923,39.80078125,39.80078125,39.8203125,20.0
3,ECC P-256,ECDH Shared Secret,1000,3.99822e-05,3.89e-05,3.83e-05,0.0002137,6.293740885541311e-06,76318,3.0000198999987333,3.0,3.930920621609581e-05,99.99933667110898,25098,39.80078125,39.81640625,39.8203125,20.0
3,ECC P-256,ECDSA Signing,1000,2.00183e-05,1.98e-05,1.94e-05,5.15e-05,2.046143155258647e-06,145711,3.000009900002624,2.984375,2.0481466738955877e-05,99.47883838641299,48861,39.80078125,39.81640625,39.8203125,20.0
3,ECC P-256,ECDSA Verification,1000,5.37182e-05,5.36e-05,5.16e-05,8.81e-05,2.647523019378328e-06,56729,3.000014799996279,2.984375,5.260757284633962e-05,99.47867590532225,18884,39.80078125,39.81640625,39.8203125,20.0
3,ML-KEM-512,Key Generation,1000,9.57025e-05,9.38e-05,8.91e-05,0.0001747,7.834413940544104e-06,31034,3.000059899997723,2.9375,9.465425017722498e-05,97.91471163633199,10407,39.640625,39.65625,39.66015625,20.0
3,ML-KEM-512,Encapsulation,1000,0.0001249034,0.00012085,0.0001146,0.0002531,1.1315051870797538e-05,24482,3.0000033000033,2.984375,0.0001219007842496528,99.47905723959428,8115,40.03125,40.046875,40.05078125,20.0
3,ML-KEM-512,Decapsulation,1000,0.000150496,0.0001476,0.000141,0.0003155,1.2535503294357306e-05,19920,3.000060600003053,2.9375,0.000147464859437751,97.91468878985347,6601,40.046875,40.0625,40.06640625,20.0
3,ML-KEM-768,Key Generation,1000,0.0001537601,0.0001506,0.0001445,0.000518,1.5280589465213846e-05,19704,3.0000030000010156,2.984375,0.00015146036337799432,99.4790671875658,6174,40.1640625,40.1796875,40.18359375,20.0
3,ML-KEM-768,Encapsulation,1000,0.0001760682,0.0001751,0.0001673,0.0002258,6.231685378985581e-06,16619,3.000152499997057,2.9375,0.00017675552078945785,97.91168948921369,5410,40.1796875,40.1796875,40.19921875,20.0
3,ML-KEM-768,Decapsulation,1000,0.000214608,0.0002105,0.0002023,0.0004662,1.4984346052685336e-05,13441,3.000206300006539,2.984375,0.00022203519083401532,99.47232628614557,4614,40.25,40.265625,40.26953125,20.0
3,ML-KEM-1024,Key Generation,1000,0.0002232553,0.000219,0.0002102,0.0003997,1.5559160626119564e-05,13375,3.0001033000007737,2.96875,0.0002219626168224299,98.95492598535638,4156,40.3046875,40.30859375,40.328125,24.0
3,ML-KEM-1024,Encapsulation,1000,0.0002788904,0.0002685,0.0002442,0.0010287,4.301036967685514e-05,11624,3.0001013000000967,3.0,0.00025808671713695803,99.99662344734503,3872,40.3671875,40.3828125,40.38671875,20.0
3,ML-KEM-1024,Decapsulation,1000,0.0003231993,0.000329,0.0002799,0.0003937,1.9220688446941083e-05,9798,3.0000335999939125,2.984375,0.0003045902224943866,99.47805251268038,3327,40.484375,40.5,40.50390625,20.0
3,ML-DSA-44,Key Generation,1000,0.0002496133,0.000241,0.00023,0.0004292,1.800085675610897e-05,12282,3.0001886999962153,3.0,0.0002442598925256473,99.99371039574226,3975,40.63671875,40.63671875,40.65625,20.0
3,ML-DSA-44,Signing,1000,0.0011951568,0.0009329,0.000473,0.0068308,0.0008001427314326017,2519,3.0014274999994086,2.984375,0.0011847459309249702,99.43185367631196,847,40.70703125,40.703125,40.7421875,36.0
3,ML-DSA-44,Verification,1000,0.0003057861,0.00030234999999999995,0.0002934,0.0004881,1.2137008847890562e-05,9580,3.0001688999982434,3.0,0.00031315240083507306,99.99437031700971,3210,40.70703125,40.70703125,40.7265625,20.0
3,ML-DSA-65,Key Generation,1000,0.0004853682,0.00047505,0.000409,0.0006836,4.818952437012653e-05,6997,3.0003245000043535,3.0,0.0004287551807917679,99.9891845030645,2331,40.8515625,40.8671875,40.87109375,20.0
3,ML-DSA-65,Signing,1000,0.0018075425,0.0014231,0.0006803,0.0094239,0.001247759985664541,1673,3.000396899995394,2.984375,0.0017838463837417811,99.46600731405172,552,40.88671875,40.90234375,40.90625,20.0
3,ML-DSA-65,Verification,1000,0.0004736465,0.00046,0.0004408,0.0005955,2.90710008572261e-05,6428,3.00039399999514,3.0,0.0004667081518357187,99.98686839144656,2147,40.91796875,40.93359375,40.9375,20.0
3,ML-DSA-87,Key Generation,1000,0.00066495,0.000656,0.0006294,0.0009394,3.146708657530178e-05,4357,3.000229400000535,3.0,0.0006885471654808355,99.99235391798591,1515,41.140625,41.15625,41.16015625,20.0
3,ML-DSA-87,Signing,1000,0.0023749562,0.0019499,0.0010514,0.0104038,0.0013404630469288372,1357,3.0018373999992036,2.984375,0.002199244657332351,99.41827628641018,448,41.1796875,41.1953125,41.19921875,20.0
3,ML-DSA-87,Verification,1000,0.0007355399,0.0007332,0.0007208,0.0008647,1.0973403919640595e-05,3935,3.0003837999975076,3.0,0.0007623888182973316,99.98720830323414,1201,41.2734375,41.2890625,41.29296875,20.0
4,RSA-2048,Key Generation,1000,0.0342767466,0.0298557,0.0055867,0.1251157,0.019879859777933512,100,3.1760321999972803,3.140625,0.03140625,98.88517503074085,100,38.62109375,38.7109375,38.71484375,96.0
4,RSA-2048,Encryption,1000,2.10824e-05,2.05e-05,1.95e-05,0.0002811,8.685057308991143e-06,149745,3.000001799999154,2.953125,1.97210257437644e-05,98.4374409375632,49455,38.69140625,38.70703125,38.7109375,20.0
4,RSA-2048,Decryption,1000,0.0004661798,0.0004538,0.0004296,0.0007967,5.2075186961326e-05,6665,3.000242200003413,3.0,0.000450112528132033,99.99192731828741,2241,38.69140625,38.70703125,38.7109375,20.0
4,RSA-2048,Signing,1000,0.0004664374,0.0004532,0.0004285,0.0012869,6.009457978686397e-05,6684,3.000268000003416,2.953125,0.0004418200179533214,98.42870703539276,2221,38.69140625,38.70703125,38.7109375,20.0
4,RSA-2048,Verification,1000,2.24507e-05,2.21e-05,2.09e-05,7.48e-05,3.525247066075919e-06,142141,3.000009900002624,2.96875,2.0885951273735233e-05,98.95800677182443,44704,38.69140625,38.70703125,38.7109375,20.0
4,ECC P-256,ECC Key Generation,1000,1.48958e-05,1.47e-05,1.44e-05,2.04e-05,5.955308699110541e-07,199924,3.0000125000005937,2.96875,1.4849392769252316e-05,98.95792100864288,66002,39.94921875,39.94921875,39.96875,20.0
4,ECC P-256,ECDH Shared Secret,1000,3.95085e-05,3.88e-05,3.82e-05,7.45e-05,2.6098331324011843e-06,75911,3.0000113999994937,2.984375,3.931413102185454e-05,99.47878864728659,24618,39.94921875,39.96484375,39.96875,20.0
4,ECC P-256,ECDSA Signing,1000,2.12985e-05,2.04e-05,1.98e-05,9.54e-05,5.351974531084895e-06,148680,3.000020499996026,2.96875,1.9967379607210114e-05,98.9576571228074,46413,39.94921875,39.94921875,39.96875,20.0
4,ECC P-256,ECDSA Verification,1000,5.42784e-05,5.44e-05,5.18e-05,7.26e-05,1.39870290262436e-06,56039,3.000033099997381,2.9375,5.2418851157229786e-05,97.91558633144962,18405,39.94921875,39.96484375,39.96875,20.0
4,ML-KEM-512,Key Generation,1000,9.523e-05,9.45e-05,8.96e-05,0.0001501,3.759805332212844e-06,31051,3.000013699995179,3.0,9.661524588580078e-05,99.99954333557946,10054,39.70703125,39.72265625,39.7265625,20.0
4,ML-KEM-512,Encapsulation,1000,0.0001232359,0.0001197,0.0001143,0.0003037,1.5146583779525673e-05,24124,3.0000692999965395,2.953125,0.00012241440059691593,98.43522614638957,8086,40.09375,40.109375,40.11328125,20.0
4,ML-KEM-512,Decapsulation,1000,0.0001514637,0.0001477,0.0001424,0.0003211,1.4112539675270574e-05,19623,3.0000333999996656,2.96875,0.00015128930336849616,98.9572316094991,6308,40.1015625,40.1171875,40.12109375,20.0
4,ML-KEM-768,Key Generation,1000,0.0001651354,0.0001636,0.0001444,0.0002769,1.4318907009193752e-05,19349,3.0001296999980696,2.984375,0.00015423923716987957,99.47486603668902,6126,40.25,40.25,40.26953125,20.0
4,ML-KEM-768,Encapsulation,1000,0.0001854296,0.0001795,0.0001683,0.00042,1.9455548365497236e-05,16518,3.0000279000014416,2.96875,0.0001797281753238891,98.95741302934461,5488,40.25390625,40.26953125,40.2734375,20.0
4,ML-KEM-768,Decapsulation,1000,0.0002143351,0.0002095,0.0002016,0.0007741,2.366354287192117e-05,13514,3.000045799999498,2.984375,0.0002208357999112032,99.47764797459091,4587,40.32421875,40.33984375,40.34375,20.0
4,ML-KEM-1024,Key Generation,1000,0.0002283089,0.0002192,0.0002087,0.0006375,2.8512620720136028e-05,13391,3.0000454999972135,2.984375,0.0002228642371742215,99.47765792228059,4473,40.390625,40.39453125,40.4140625,24.0
4,ML-KEM-1024,Encapsulation,1000,0.0002551505,0.00024835000000000005,0.000237,0.0006398,2.6312750152170915e-05,11907,3.0001663000002736,2.96875,0.0002493281263122533,98.95284804711423,3980,40.46484375,40.48046875,40.484375,20.0
4,ML-KEM-1024,Decapsulation,1000,0.0002984601,0.000289,0.0002769,0.0004812,2.5158241892571212e-05,10050,3.000081999998656,2.9375,0.00029228855721393036,97.91399035097427,3076,40.5859375,40.5859375,40.60546875,20.0
4,ML-DSA-44,Key Generation,1000,0.0002541204,0.0002447,0.0002299,0.0005994,2.4667895510337094e-05,11820,3.000127999999677,2.984375,0.0002524851945854484,99.47492240332151,3961,40.7109375,40.73046875,40.734375,24.0
4,ML-DSA-44,Signing,1000,0.0011728186,0.0009215499999999999,0.0004688,0.0066842,0.0008077406111921135,2514,3.0011541999992914,2.9375,0.0011684566428003182,97.87900934915952,808,40.7890625,40.80078125,40.8203125,32.0
4,ML-DSA-44,Verification,1000,0.0003135518,0.000309,0.0002952,0.0005606,1.9832472456144336e-05,9524,3.0000157000031322,2.984375,0.0003133531079378412,99.47864606164842,3197,40.80859375,40.82421875,40.828125,20.0
4,ML-DSA-65,Key Generation,1000,0.000440878,0.0004245,0.0004081,0.0060312,0.00018875801181148053,6751,3.000104200000351,2.96875,0.00043974966671604204,98.95489629992362,2331,40.90625,40.921875,40.92578125,20.0
4,ML-DSA-65,Signing,1000,0.0018200695,0.00143895,0.0006789,0.0087831,0.001239568179460606,1613,3.002638499994646,3.0,0.0018598884066955983,99.91212728423183,564,40.90234375,40.91796875,40.921875,20.0
4,ML-DSA-65,Verification,1000,0.0004746298,0.0004631,0.0004436,0.0009036,3.418463896988677e-05,6349,3.0002029000024777,2.984375,0.00047005433926602616,99.4724390139592,2142,40.9453125,40.9609375,40.96484375,20.0
4,ML-DSA-87,Key Generation,1000,0.0006846781,0.0006644,0.0006364,0.0009599,5.146578297478051e-05,4443,3.0000010000003385,3.0,0.0006752194463200541,99.9999666666665,1487,41.0859375,41.1015625,41.10546875,20.0
4,ML-DSA-87,Signing,1000,0.002175917,0.00180795,0.0010642,0.0139551,0.001234606055656485,1362,3.0002299999978277,2.96875,0.002179698972099853,98.95074710945993,450,41.125,41.140625,41.14453125,20.0
4,ML-DSA-87,Verification,1000,0.0007541803,0.00074905,0.0007233,0.0011052,2.7394427838277378e-05,3943,3.0003565000006347,2.96875,0.0007529165609941669,98.9465751819616,1305,41.21875,41.21875,41.23828125,20.0
5,RSA-2048,Key Generation,1000,0.0340488098,0.029876649999999998,0.0056998,0.1499558,0.020404694646443462,100,3.3352499999964493,3.328125,0.03328125,99.78637283572574,100,38.640625,38.6875,38.69140625,52.0
5,RSA-2048,Encryption,1000,1.97609e-05,1.96e-05,1.92e-05,5.04e-05,1.4177486382293588e-06,150555,3.000013200005924,2.96875,1.9718707449104977e-05,98.95789791838709,49622,38.66796875,38.68359375,38.6875,20.0
5,RSA-2048,Decryption,1000,0.0004449165,0.0004308,0.000428,0.0012402,5.795307685418322e-05,6765,3.000303499997244,3.0,0.0004434589800443459,99.9898843567911,2242,38.66796875,38.68359375,38.6875,20.0
5,RSA-2048,Signing,1000,0.0004445727,0.0004316,0.000428,0.0008557,5.098366187798291e-05,6750,3.0001032000000123,2.953125,0.0004375,98.43411386648259,2233,38.66796875,38.66796875,38.6875,20.0
5,RSA-2048,Verification,1000,2.084e-05,2.07e-05,2.04e-05,2.95e-05,6.155476414534451e-07,142294,3.000012100004824,2.984375,2.097330175552026e-05,99.47876543548611,46463,38.66796875,38.66796875,38.6875,20.0
5,ECC P-256,ECC Key Generation,1000,1.46848e-05,1.45e-05,1.42e-05,4.06e-05,1.3027225514460268e-06,203561,3.0000142000062624,3.0,1.473759708392079e-05,99.99952666869835,66482,39.734375,39.75,39.75390625,20.0
5,ECC P-256,ECDH Shared Secret,1000,3.91732e-05,3.87e-05,3.82e-05,0.0001023,2.7438349787096145e-06,73619,3.000022699998226,2.984375,4.05381083687635e-05,99.47841394672663,24901,39.734375,39.734375,39.75390625,20.0
5,ECC P-256,ECDSA Signing,1000,2.07719e-05,2.03e-05,1.99e-05,5.81e-05,1.9773898099414946e-06,148465,3.0000087000007625,2.984375,2.0101539083285623e-05,99.47887817789467,46372,39.734375,39.75,39.75390625,20.0
5,ECC P-256,ECDSA Verification,1000,5.49886e-05,5.44e-05,5.18e-05,0.0002148,8.719047644773586e-06,56349,3.0000103000056697,2.984375,5.296234183392784e-05,99.4788251225124,18537,39.734375,39.734375,39.75390625,20.0
5,ML-KEM-512,Key Generation,1000,0.0001034471,0.0001014,9.04e-05,0.0009666,3.9918000179472024e-05,30953,3.000078699995356,2.984375,9.641634090395115e-05,99.47655706514031,10357,39.98046875,39.99609375,40.0,20.0
5,ML-KEM-512,Encapsulation,1000,0.0001226729,0.0001205,0.0001149,0.0002153,7.678276598398987e-06,24321,3.0000728000013623,2.984375,0.00012270774228033388,99.4767526974227,8121,40.0546875,40.0703125,40.07421875,20.0
5,ML-KEM-512,Decapsulation,1000,0.0001486778,0.0001473,0.0001421,0.000206,6.198846090431093e-06,19330,3.0000045000051614,2.984375,0.000154390843248836,99.47901744796934,6414,40.05859375,40.07421875,40.078125,20.0
5,ML-KEM-768,Key Generation,1000,0.0001536451,0.0001507,0.0001448,0.0002908,1.1765594979227155e-05,18730,3.0001135999991675,2.96875,0.0001585024025627336,98.95458625302801,6317,40.1953125,40.1953125,40.21484375,20.0
5,ML-KEM-768,Encapsulation,1000,0.0001818871,0.0001768,0.000169,0.0003555,1.4038398064245444e-05,16364,3.0000692999965395,3.0,0.00018332925934979222,99.99769005347511,5512,40.2109375,40.2265625,40.23046875,20.0
5,ML-KEM-768,Decapsulation,1000,0.0002120809,0.0002103,0.0002015,0.0003634,9.090822198142378e-06,13995,3.0001569999949425,3.0,0.00021436227224008573,99.99476694069868,4610,40.28515625,40.30078125,40.3046875,20.0
5,ML-KEM-1024,Key Generation,1000,0.0002239906,0.0002196,0.000209,0.0007554,3.158901482315486e-05,13164,3.0002189000006183,2.96875,0.00022552035855363112,98.95111320041975,4274,40.3359375,40.35546875,40.359375,24.0
5,ML-KEM-1024,Encapsulation,1000,0.0002492986,0.0002471,0.0002365,0.0007818,1.9832126241814602e-05,11917,3.0000923999978113,2.984375,0.0002504300579004783,99.47610280277291,4053,40.39453125,40.41015625,40.4140625,20.0
5,ML-KEM-1024,Decapsulation,1000,0.000287426,0.000286,0.0002762,0.0003933,8.051747303202867e-06,10293,3.0000927000000956,2.984375,0.00028994219372389,99.47609285539426,3390,40.51171875,40.52734375,40.53125,20.0
5,ML-DSA-44,Key Generation,1000,0.0002530096,0.00024415,0.0002296,0.0023898,7.383077265497654e-05,12033,3.0002614999975776,3.0,0.0002493143854400399,99.99128409315063,4024,40.64453125,40.66015625,40.6640625,20.0
5,ML-DSA-44,Signing,1000,0.0011545923,0.0009001,0.0004724,0.0094415,0.0008027660002029183,2551,3.002636799996253,2.9375,0.0011515092120736965,97.83068002109565,823,40.7109375,40.73046875,40.734375,24.0
5,ML-DSA-44,Verification,1000,0.0003159062,0.0003099,0.0002941,0.0005098,1.9155954482931727e-05,9309,3.0000709000014467,2.953125,0.00031723332259104095,98.43517364868197,3189,40.70703125,40.72265625,40.7265625,20.0
5,ML-DSA-65,Key Generation,1000,0.0004400966,0.0004241,0.0004056,0.0011714,5.6051775618529603e-05,6979,3.000226799995289,2.953125,0.0004231444332998997,98.43005868771778,2276,40.8671875,40.8828125,40.88671875,20.0
5,ML-DSA-65,Signing,1000,0.0018558866,0.00141435,0.000678,0.0091771,0.001260267163360009,1697,3.0025167999992846,2.953125,0.0017402032999410725,98.35498672316184,530,40.91015625,40.92578125,40.9296875,20.0
5,ML-DSA-65,Verification,1000,0.0004691936,0.00046535,0.0004441,0.00068,1.8119004314734222e-05,6277,3.0002557000043453,2.9375,0.00046797833359885294,97.90832161391263,2093,40.9453125,40.9453125,40.96484375,20.0
5,ML-DSA-87,Key Generation,1000,0.0007034669,0.0006709,0.000636,0.0155209,0.00047307830586264244,4444,3.0000110999972094,2.984375,0.0006715515301530153,99.4787985952044,1494,41.15234375,41.16796875,41.171875,20.0
5,ML-DSA-87,Signing,1000,0.0021650759,0.00179745,0.0010481,0.0099835,0.001244005725563361,1360,3.000881500003743,3.0,0.0022058823529411764,99.9706252978086,440,41.19140625,41.20703125,41.2109375,20.0
5,ML-DSA-87,Verification,1000,0.0007622547,0.0007522,0.0007218,0.001044,3.807073861969385e-05,3867,3.000228800003242,2.984375,0.0007717545901215413,99.47158030070156,1240,41.2890625,41.3046875,41.30859375,20.0
